site,date,population,population_order,population_color,participant_count,filter:Cohort
Site 1,2017-07-28,Screened,1,#a6bddb,0,2
Site 1,2017-07-29,Screened,1,#a6bddb,0,2
Site 1,2017-07-30,Screened,1,#a6bddb,0,2
Site 1,2017-07-31,Screened,1,#a6bddb,0,2
Site 1,2017-08-01,Screened,1,#a6bddb,0,2
Site 1,2017-08-02,Screened,1,#a6bddb,0,2
Site 1,2017-08-03,Screened,1,#a6bddb,0,2
Site 1,2017-08-04,Screened,1,#a6bddb,0,2
Site 1,2017-08-05,Screened,1,#a6bddb,0,2
Site 1,2017-08-06,Screened,1,#a6bddb,0,2
Site 1,2017-08-07,Screened,1,#a6bddb,0,2
Site 1,2017-08-08,Screened,1,#a6bddb,0,2
Site 1,2017-08-09,Screened,1,#a6bddb,0,2
Site 1,2017-08-10,Screened,1,#a6bddb,0,2
Site 1,2017-08-11,Screened,1,#a6bddb,0,2
Site 1,2017-08-12,Screened,1,#a6bddb,0,2
Site 1,2017-08-13,Screened,1,#a6bddb,0,2
Site 1,2017-08-14,Screened,1,#a6bddb,0,2
Site 1,2017-08-15,Screened,1,#a6bddb,0,2
Site 1,2017-08-16,Screened,1,#a6bddb,0,2
Site 1,2017-08-17,Screened,1,#a6bddb,0,2
Site 1,2017-08-18,Screened,1,#a6bddb,0,2
Site 1,2017-08-19,Screened,1,#a6bddb,0,2
Site 1,2017-08-20,Screened,1,#a6bddb,0,2
Site 1,2017-08-21,Screened,1,#a6bddb,0,2
Site 1,2017-08-22,Screened,1,#a6bddb,0,2
Site 1,2017-08-23,Screened,1,#a6bddb,0,2
Site 1,2017-08-24,Screened,1,#a6bddb,0,2
Site 1,2017-08-25,Screened,1,#a6bddb,0,2
Site 1,2017-08-26,Screened,1,#a6bddb,0,2
Site 1,2017-08-27,Screened,1,#a6bddb,0,2
Site 1,2017-08-28,Screened,1,#a6bddb,0,2
Site 1,2017-08-29,Screened,1,#a6bddb,0,2
Site 1,2017-08-30,Screened,1,#a6bddb,0,2
Site 1,2017-08-31,Screened,1,#a6bddb,0,2
Site 1,2017-09-01,Screened,1,#a6bddb,0,2
Site 1,2017-09-02,Screened,1,#a6bddb,0,2
Site 1,2017-09-03,Screened,1,#a6bddb,0,2
Site 1,2017-09-04,Screened,1,#a6bddb,0,2
Site 1,2017-09-05,Screened,1,#a6bddb,0,2
Site 1,2017-09-06,Screened,1,#a6bddb,0,2
Site 1,2017-09-07,Screened,1,#a6bddb,0,2
Site 1,2017-09-08,Screened,1,#a6bddb,0,2
Site 1,2017-09-09,Screened,1,#a6bddb,0,2
Site 1,2017-09-10,Screened,1,#a6bddb,0,2
Site 1,2017-09-11,Screened,1,#a6bddb,0,2
Site 1,2017-09-12,Screened,1,#a6bddb,0,2
Site 1,2017-09-13,Screened,1,#a6bddb,0,2
Site 1,2017-09-14,Screened,1,#a6bddb,0,2
Site 1,2017-09-15,Screened,1,#a6bddb,0,2
Site 1,2017-09-16,Screened,1,#a6bddb,0,2
Site 1,2017-09-17,Screened,1,#a6bddb,0,2
Site 1,2017-09-18,Screened,1,#a6bddb,0,2
Site 1,2017-09-19,Screened,1,#a6bddb,0,2
Site 1,2017-09-20,Screened,1,#a6bddb,0,2
Site 1,2017-09-21,Screened,1,#a6bddb,0,2
Site 1,2017-09-22,Screened,1,#a6bddb,0,2
Site 1,2017-09-23,Screened,1,#a6bddb,0,2
Site 1,2017-09-24,Screened,1,#a6bddb,0,2
Site 1,2017-09-25,Screened,1,#a6bddb,0,2
Site 1,2017-09-26,Screened,1,#a6bddb,0,2
Site 1,2017-09-27,Screened,1,#a6bddb,0,2
Site 1,2017-09-28,Screened,1,#a6bddb,4,2
Site 1,2017-09-29,Screened,1,#a6bddb,4,2
Site 1,2017-09-30,Screened,1,#a6bddb,4,2
Site 1,2017-10-01,Screened,1,#a6bddb,4,2
Site 1,2017-10-02,Screened,1,#a6bddb,4,2
Site 1,2017-10-03,Screened,1,#a6bddb,4,2
Site 1,2017-10-04,Screened,1,#a6bddb,4,2
Site 1,2017-10-05,Screened,1,#a6bddb,4,2
Site 1,2017-10-06,Screened,1,#a6bddb,4,2
Site 1,2017-10-07,Screened,1,#a6bddb,4,2
Site 1,2017-10-08,Screened,1,#a6bddb,4,2
Site 1,2017-10-09,Screened,1,#a6bddb,4,2
Site 1,2017-10-10,Screened,1,#a6bddb,4,2
Site 1,2017-10-11,Screened,1,#a6bddb,4,2
Site 1,2017-10-12,Screened,1,#a6bddb,4,2
Site 1,2017-10-13,Screened,1,#a6bddb,4,2
Site 1,2017-10-14,Screened,1,#a6bddb,4,2
Site 1,2017-10-15,Screened,1,#a6bddb,4,2
Site 1,2017-10-16,Screened,1,#a6bddb,4,2
Site 1,2017-10-17,Screened,1,#a6bddb,4,2
Site 1,2017-10-18,Screened,1,#a6bddb,4,2
Site 1,2017-10-19,Screened,1,#a6bddb,4,2
Site 1,2017-10-20,Screened,1,#a6bddb,4,2
Site 1,2017-10-21,Screened,1,#a6bddb,4,2
Site 1,2017-10-22,Screened,1,#a6bddb,4,2
Site 1,2017-10-23,Screened,1,#a6bddb,8,2
Site 1,2017-10-24,Screened,1,#a6bddb,8,2
Site 1,2017-10-25,Screened,1,#a6bddb,8,2
Site 1,2017-10-26,Screened,1,#a6bddb,8,2
Site 1,2017-10-27,Screened,1,#a6bddb,8,2
Site 1,2017-10-28,Screened,1,#a6bddb,8,2
Site 1,2017-10-29,Screened,1,#a6bddb,8,2
Site 1,2017-10-30,Screened,1,#a6bddb,8,2
Site 1,2017-10-31,Screened,1,#a6bddb,8,2
Site 1,2017-11-01,Screened,1,#a6bddb,8,2
Site 1,2017-11-02,Screened,1,#a6bddb,8,2
Site 1,2017-11-03,Screened,1,#a6bddb,8,2
Site 1,2017-11-04,Screened,1,#a6bddb,8,2
Site 1,2017-11-05,Screened,1,#a6bddb,8,2
Site 1,2017-11-06,Screened,1,#a6bddb,8,2
Site 1,2017-11-07,Screened,1,#a6bddb,8,2
Site 1,2017-11-08,Screened,1,#a6bddb,8,2
Site 1,2017-11-09,Screened,1,#a6bddb,8,2
Site 1,2017-11-10,Screened,1,#a6bddb,8,2
Site 1,2017-11-11,Screened,1,#a6bddb,8,2
Site 1,2017-11-12,Screened,1,#a6bddb,8,2
Site 1,2017-11-13,Screened,1,#a6bddb,8,2
Site 1,2017-11-14,Screened,1,#a6bddb,8,2
Site 1,2017-11-15,Screened,1,#a6bddb,8,2
Site 1,2017-11-16,Screened,1,#a6bddb,8,2
Site 1,2017-11-17,Screened,1,#a6bddb,8,2
Site 1,2017-11-18,Screened,1,#a6bddb,8,2
Site 1,2017-11-19,Screened,1,#a6bddb,8,2
Site 1,2017-11-20,Screened,1,#a6bddb,8,2
Site 1,2017-11-21,Screened,1,#a6bddb,8,2
Site 1,2017-11-22,Screened,1,#a6bddb,8,2
Site 1,2017-11-23,Screened,1,#a6bddb,8,2
Site 1,2017-11-24,Screened,1,#a6bddb,8,2
Site 1,2017-11-25,Screened,1,#a6bddb,8,2
Site 1,2017-11-26,Screened,1,#a6bddb,8,2
Site 1,2017-11-27,Screened,1,#a6bddb,8,2
Site 1,2017-11-28,Screened,1,#a6bddb,8,2
Site 1,2017-11-29,Screened,1,#a6bddb,8,2
Site 1,2017-11-30,Screened,1,#a6bddb,8,2
Site 1,2017-12-01,Screened,1,#a6bddb,8,2
Site 1,2017-12-02,Screened,1,#a6bddb,8,2
Site 1,2017-12-03,Screened,1,#a6bddb,8,2
Site 1,2017-12-04,Screened,1,#a6bddb,8,2
Site 1,2017-12-05,Screened,1,#a6bddb,8,2
Site 1,2017-12-06,Screened,1,#a6bddb,8,2
Site 1,2017-12-07,Screened,1,#a6bddb,8,2
Site 1,2017-12-08,Screened,1,#a6bddb,8,2
Site 1,2017-12-09,Screened,1,#a6bddb,8,2
Site 1,2017-12-10,Screened,1,#a6bddb,8,2
Site 1,2017-12-11,Screened,1,#a6bddb,8,2
Site 1,2017-12-12,Screened,1,#a6bddb,8,2
Site 1,2017-12-13,Screened,1,#a6bddb,8,2
Site 1,2017-12-14,Screened,1,#a6bddb,8,2
Site 1,2017-12-15,Screened,1,#a6bddb,8,2
Site 1,2017-12-16,Screened,1,#a6bddb,8,2
Site 1,2017-12-17,Screened,1,#a6bddb,8,2
Site 1,2017-12-18,Screened,1,#a6bddb,8,2
Site 1,2017-12-19,Screened,1,#a6bddb,8,2
Site 1,2017-12-20,Screened,1,#a6bddb,8,2
Site 1,2017-12-21,Screened,1,#a6bddb,8,2
Site 1,2017-12-22,Screened,1,#a6bddb,8,2
Site 1,2017-12-23,Screened,1,#a6bddb,8,2
Site 1,2017-12-24,Screened,1,#a6bddb,8,2
Site 1,2017-12-25,Screened,1,#a6bddb,8,2
Site 1,2017-12-26,Screened,1,#a6bddb,8,2
Site 1,2017-12-27,Screened,1,#a6bddb,8,2
Site 1,2017-12-28,Screened,1,#a6bddb,8,2
Site 1,2017-12-29,Screened,1,#a6bddb,8,2
Site 1,2017-12-30,Screened,1,#a6bddb,8,2
Site 1,2017-12-31,Screened,1,#a6bddb,8,2
Site 1,2018-01-01,Screened,1,#a6bddb,8,2
Site 1,2018-01-02,Screened,1,#a6bddb,8,2
Site 1,2018-01-03,Screened,1,#a6bddb,8,2
Site 1,2018-01-04,Screened,1,#a6bddb,8,2
Site 1,2018-01-05,Screened,1,#a6bddb,8,2
Site 1,2018-01-06,Screened,1,#a6bddb,8,2
Site 1,2018-01-07,Screened,1,#a6bddb,8,2
Site 1,2018-01-08,Screened,1,#a6bddb,8,2
Site 1,2018-01-09,Screened,1,#a6bddb,8,2
Site 1,2018-01-10,Screened,1,#a6bddb,8,2
Site 1,2018-01-11,Screened,1,#a6bddb,11,2
Site 1,2018-01-12,Screened,1,#a6bddb,11,2
Site 1,2018-01-13,Screened,1,#a6bddb,11,2
Site 1,2018-01-14,Screened,1,#a6bddb,11,2
Site 1,2018-01-15,Screened,1,#a6bddb,11,2
Site 1,2018-01-16,Screened,1,#a6bddb,11,2
Site 1,2018-01-17,Screened,1,#a6bddb,11,2
Site 1,2018-01-18,Screened,1,#a6bddb,11,2
Site 1,2018-01-19,Screened,1,#a6bddb,11,2
Site 1,2018-01-20,Screened,1,#a6bddb,11,2
Site 1,2018-01-21,Screened,1,#a6bddb,11,2
Site 1,2018-01-22,Screened,1,#a6bddb,11,2
Site 1,2018-01-23,Screened,1,#a6bddb,11,2
Site 1,2018-01-24,Screened,1,#a6bddb,11,2
Site 1,2018-01-25,Screened,1,#a6bddb,11,2
Site 1,2018-01-26,Screened,1,#a6bddb,11,2
Site 1,2018-01-27,Screened,1,#a6bddb,11,2
Site 1,2018-01-28,Screened,1,#a6bddb,11,2
Site 1,2018-01-29,Screened,1,#a6bddb,11,2
Site 1,2018-01-30,Screened,1,#a6bddb,11,2
Site 1,2018-01-31,Screened,1,#a6bddb,11,2
Site 1,2018-02-01,Screened,1,#a6bddb,11,2
Site 1,2018-02-02,Screened,1,#a6bddb,11,2
Site 1,2018-02-03,Screened,1,#a6bddb,11,2
Site 1,2018-02-04,Screened,1,#a6bddb,11,2
Site 1,2018-02-05,Screened,1,#a6bddb,11,2
Site 1,2018-02-06,Screened,1,#a6bddb,15,2
Site 1,2018-02-07,Screened,1,#a6bddb,15,2
Site 1,2018-02-08,Screened,1,#a6bddb,15,2
Site 1,2018-02-09,Screened,1,#a6bddb,15,2
Site 1,2018-02-10,Screened,1,#a6bddb,15,2
Site 1,2018-02-11,Screened,1,#a6bddb,15,2
Site 1,2018-02-12,Screened,1,#a6bddb,15,2
Site 1,2018-02-13,Screened,1,#a6bddb,15,2
Site 1,2017-07-28,Site Target,3,#034e7b,0.044383562,
Site 1,2017-07-29,Site Target,3,#034e7b,0.088767124,
Site 1,2017-07-30,Site Target,3,#034e7b,0.133150685,
Site 1,2017-07-31,Site Target,3,#034e7b,0.177534247,
Site 1,2017-08-01,Site Target,3,#034e7b,0.221917808,
Site 1,2017-08-02,Site Target,3,#034e7b,0.26630137,
Site 1,2017-08-03,Site Target,3,#034e7b,0.310684931,
Site 1,2017-08-04,Site Target,3,#034e7b,0.355068493,
Site 1,2017-08-05,Site Target,3,#034e7b,0.399452055,
Site 1,2017-08-06,Site Target,3,#034e7b,0.443835616,
Site 1,2017-08-07,Site Target,3,#034e7b,0.488219178,
Site 1,2017-08-08,Site Target,3,#034e7b,0.53260274,
Site 1,2017-08-09,Site Target,3,#034e7b,0.576986302,
Site 1,2017-08-10,Site Target,3,#034e7b,0.621369863,
Site 1,2017-08-11,Site Target,3,#034e7b,0.665753425,
Site 1,2017-08-12,Site Target,3,#034e7b,0.710136986,
Site 1,2017-08-13,Site Target,3,#034e7b,0.754520548,
Site 1,2017-08-14,Site Target,3,#034e7b,0.798904109,
Site 1,2017-08-15,Site Target,3,#034e7b,0.843287671,
Site 1,2017-08-16,Site Target,3,#034e7b,0.887671233,
Site 1,2017-08-17,Site Target,3,#034e7b,0.932054795,
Site 1,2017-08-18,Site Target,3,#034e7b,0.976438356,
Site 1,2017-08-19,Site Target,3,#034e7b,1.020821918,
Site 1,2017-08-20,Site Target,3,#034e7b,1.06520548,
Site 1,2017-08-21,Site Target,3,#034e7b,1.109589041,
Site 1,2017-08-22,Site Target,3,#034e7b,1.153972603,
Site 1,2017-08-23,Site Target,3,#034e7b,1.198356164,
Site 1,2017-08-24,Site Target,3,#034e7b,1.242739726,
Site 1,2017-08-25,Site Target,3,#034e7b,1.287123288,
Site 1,2017-08-26,Site Target,3,#034e7b,1.331506849,
Site 1,2017-08-27,Site Target,3,#034e7b,1.375890411,
Site 1,2017-08-28,Site Target,3,#034e7b,1.420273973,
Site 1,2017-08-29,Site Target,3,#034e7b,1.464657534,
Site 1,2017-08-30,Site Target,3,#034e7b,1.509041096,
Site 1,2017-08-31,Site Target,3,#034e7b,1.553424658,
Site 1,2017-09-01,Site Target,3,#034e7b,1.597808219,
Site 1,2017-09-02,Site Target,3,#034e7b,1.642191781,
Site 1,2017-09-03,Site Target,3,#034e7b,1.686575342,
Site 1,2017-09-04,Site Target,3,#034e7b,1.730958904,
Site 1,2017-09-05,Site Target,3,#034e7b,1.775342466,
Site 1,2017-09-06,Site Target,3,#034e7b,1.819726027,
Site 1,2017-09-07,Site Target,3,#034e7b,1.864109589,
Site 1,2017-09-08,Site Target,3,#034e7b,1.908493151,
Site 1,2017-09-09,Site Target,3,#034e7b,1.952876713,
Site 1,2017-09-10,Site Target,3,#034e7b,1.997260274,
Site 1,2017-09-11,Site Target,3,#034e7b,2.041643836,
Site 1,2017-09-12,Site Target,3,#034e7b,2.086027397,
Site 1,2017-09-13,Site Target,3,#034e7b,2.130410959,
Site 1,2017-09-14,Site Target,3,#034e7b,2.17479452,
Site 1,2017-09-15,Site Target,3,#034e7b,2.219178082,
Site 1,2017-09-16,Site Target,3,#034e7b,2.263561644,
Site 1,2017-09-17,Site Target,3,#034e7b,2.307945206,
Site 1,2017-09-18,Site Target,3,#034e7b,2.352328767,
Site 1,2017-09-19,Site Target,3,#034e7b,2.396712329,
Site 1,2017-09-20,Site Target,3,#034e7b,2.441095891,
Site 1,2017-09-21,Site Target,3,#034e7b,2.485479452,
Site 1,2017-09-22,Site Target,3,#034e7b,2.529863014,
Site 1,2017-09-23,Site Target,3,#034e7b,2.574246575,
Site 1,2017-09-24,Site Target,3,#034e7b,2.618630137,
Site 1,2017-09-25,Site Target,3,#034e7b,2.663013698,
Site 1,2017-09-26,Site Target,3,#034e7b,2.70739726,
Site 1,2017-09-27,Site Target,3,#034e7b,2.751780822,
Site 1,2017-09-28,Site Target,3,#034e7b,2.796164384,
Site 1,2017-09-29,Site Target,3,#034e7b,2.840547945,
Site 1,2017-09-30,Site Target,3,#034e7b,2.884931507,
Site 1,2017-10-01,Site Target,3,#034e7b,2.929315069,
Site 1,2017-10-02,Site Target,3,#034e7b,2.97369863,
Site 1,2017-10-03,Site Target,3,#034e7b,3.018082192,
Site 1,2017-10-04,Site Target,3,#034e7b,3.062465753,
Site 1,2017-10-05,Site Target,3,#034e7b,3.106849315,
Site 1,2017-10-06,Site Target,3,#034e7b,3.151232877,
Site 1,2017-10-07,Site Target,3,#034e7b,3.195616438,
Site 1,2017-10-08,Site Target,3,#034e7b,3.24,
Site 1,2017-10-09,Site Target,3,#034e7b,3.284383562,
Site 1,2017-10-10,Site Target,3,#034e7b,3.328767124,
Site 1,2017-10-11,Site Target,3,#034e7b,3.373150685,
Site 1,2017-10-12,Site Target,3,#034e7b,3.417534247,
Site 1,2017-10-13,Site Target,3,#034e7b,3.461917808,
Site 1,2017-10-14,Site Target,3,#034e7b,3.50630137,
Site 1,2017-10-15,Site Target,3,#034e7b,3.550684931,
Site 1,2017-10-16,Site Target,3,#034e7b,3.595068493,
Site 1,2017-10-17,Site Target,3,#034e7b,3.639452055,
Site 1,2017-10-18,Site Target,3,#034e7b,3.683835616,
Site 1,2017-10-19,Site Target,3,#034e7b,3.728219178,
Site 1,2017-10-20,Site Target,3,#034e7b,3.77260274,
Site 1,2017-10-21,Site Target,3,#034e7b,3.816986302,
Site 1,2017-10-22,Site Target,3,#034e7b,3.861369863,
Site 1,2017-10-23,Site Target,3,#034e7b,3.905753425,
Site 1,2017-10-24,Site Target,3,#034e7b,3.950136986,
Site 1,2017-10-25,Site Target,3,#034e7b,3.994520548,
Site 1,2017-10-26,Site Target,3,#034e7b,4.038904109,
Site 1,2017-10-27,Site Target,3,#034e7b,4.083287671,
Site 1,2017-10-28,Site Target,3,#034e7b,4.209522671,
Site 1,2017-10-29,Site Target,3,#034e7b,4.335757671,
Site 1,2017-10-30,Site Target,3,#034e7b,4.461992671,
Site 1,2017-10-31,Site Target,3,#034e7b,4.588227671,
Site 1,2017-11-01,Site Target,3,#034e7b,4.714462671,
Site 1,2017-11-02,Site Target,3,#034e7b,4.840697671,
Site 1,2017-11-03,Site Target,3,#034e7b,4.966932671,
Site 1,2017-11-04,Site Target,3,#034e7b,5.093167671,
Site 1,2017-11-05,Site Target,3,#034e7b,5.219402671,
Site 1,2017-11-06,Site Target,3,#034e7b,5.345637671,
Site 1,2017-11-07,Site Target,3,#034e7b,5.471872671,
Site 1,2017-11-08,Site Target,3,#034e7b,5.598107671,
Site 1,2017-11-09,Site Target,3,#034e7b,5.724342671,
Site 1,2017-11-10,Site Target,3,#034e7b,5.850577671,
Site 1,2017-11-11,Site Target,3,#034e7b,5.976812671,
Site 1,2017-11-12,Site Target,3,#034e7b,6.103047671,
Site 1,2017-11-13,Site Target,3,#034e7b,6.229282671,
Site 1,2017-11-14,Site Target,3,#034e7b,6.355517671,
Site 1,2017-11-15,Site Target,3,#034e7b,6.481752671,
Site 1,2017-11-16,Site Target,3,#034e7b,6.607987671,
Site 1,2017-11-17,Site Target,3,#034e7b,6.734222671,
Site 1,2017-11-18,Site Target,3,#034e7b,6.860457671,
Site 1,2017-11-19,Site Target,3,#034e7b,6.986692671,
Site 1,2017-11-20,Site Target,3,#034e7b,7.112927671,
Site 1,2017-11-21,Site Target,3,#034e7b,7.239162671,
Site 1,2017-11-22,Site Target,3,#034e7b,7.365397671,
Site 1,2017-11-23,Site Target,3,#034e7b,7.491632671,
Site 1,2017-11-24,Site Target,3,#034e7b,7.617867671,
Site 1,2017-11-25,Site Target,3,#034e7b,7.744102671,
Site 1,2017-11-26,Site Target,3,#034e7b,7.870337671,
Site 1,2017-11-27,Site Target,3,#034e7b,7.996572671,
Site 1,2017-11-28,Site Target,3,#034e7b,8.122807671,
Site 1,2017-11-29,Site Target,3,#034e7b,8.249042671,
Site 1,2017-11-30,Site Target,3,#034e7b,8.375277671,
Site 1,2017-12-01,Site Target,3,#034e7b,8.501512671,
Site 1,2017-12-02,Site Target,3,#034e7b,8.627747671,
Site 1,2017-12-03,Site Target,3,#034e7b,8.753982671,
Site 1,2017-12-04,Site Target,3,#034e7b,8.880217671,
Site 1,2017-12-05,Site Target,3,#034e7b,9.006452671,
Site 1,2017-12-06,Site Target,3,#034e7b,9.132687671,
Site 1,2017-12-07,Site Target,3,#034e7b,9.258922671,
Site 1,2017-12-08,Site Target,3,#034e7b,9.385157671,
Site 1,2017-12-09,Site Target,3,#034e7b,9.511392671,
Site 1,2017-12-10,Site Target,3,#034e7b,9.637627671,
Site 1,2017-12-11,Site Target,3,#034e7b,9.763862671,
Site 1,2017-12-12,Site Target,3,#034e7b,9.890097671,
Site 1,2017-12-13,Site Target,3,#034e7b,10.01633267,
Site 1,2017-12-14,Site Target,3,#034e7b,10.14256767,
Site 1,2017-12-15,Site Target,3,#034e7b,10.26880267,
Site 1,2017-12-16,Site Target,3,#034e7b,10.39503767,
Site 1,2017-12-17,Site Target,3,#034e7b,10.52127267,
Site 1,2017-12-18,Site Target,3,#034e7b,10.64750767,
Site 1,2017-12-19,Site Target,3,#034e7b,10.77374267,
Site 1,2017-12-20,Site Target,3,#034e7b,10.89997767,
Site 1,2017-12-21,Site Target,3,#034e7b,11.02621267,
Site 1,2017-12-22,Site Target,3,#034e7b,11.15244767,
Site 1,2017-12-23,Site Target,3,#034e7b,11.27868267,
Site 1,2017-12-24,Site Target,3,#034e7b,11.40491767,
Site 1,2017-12-25,Site Target,3,#034e7b,11.53115267,
Site 1,2017-12-26,Site Target,3,#034e7b,11.65738767,
Site 1,2017-12-27,Site Target,3,#034e7b,11.78362267,
Site 1,2017-12-28,Site Target,3,#034e7b,11.90985767,
Site 1,2017-12-29,Site Target,3,#034e7b,12.03609267,
Site 1,2017-12-30,Site Target,3,#034e7b,12.16232767,
Site 1,2017-12-31,Site Target,3,#034e7b,12.28856267,
Site 1,2018-01-01,Site Target,3,#034e7b,12.41479767,
Site 1,2018-01-02,Site Target,3,#034e7b,12.54103267,
Site 1,2018-01-03,Site Target,3,#034e7b,12.66726767,
Site 1,2018-01-04,Site Target,3,#034e7b,12.79350267,
Site 1,2018-01-05,Site Target,3,#034e7b,12.91973767,
Site 1,2018-01-06,Site Target,3,#034e7b,13.04597267,
Site 1,2018-01-07,Site Target,3,#034e7b,13.17220767,
Site 1,2018-01-08,Site Target,3,#034e7b,13.29844267,
Site 1,2018-01-09,Site Target,3,#034e7b,13.42467767,
Site 1,2018-01-10,Site Target,3,#034e7b,13.55091267,
Site 1,2018-01-11,Site Target,3,#034e7b,13.67714767,
Site 1,2018-01-12,Site Target,3,#034e7b,13.80338267,
Site 1,2018-01-13,Site Target,3,#034e7b,13.92961767,
Site 1,2018-01-14,Site Target,3,#034e7b,14.05585267,
Site 1,2018-01-15,Site Target,3,#034e7b,14.18208767,
Site 1,2018-01-16,Site Target,3,#034e7b,14.30832267,
Site 1,2018-01-17,Site Target,3,#034e7b,14.43455767,
Site 1,2018-01-18,Site Target,3,#034e7b,14.56079267,
Site 1,2018-01-19,Site Target,3,#034e7b,14.68702767,
Site 1,2018-01-20,Site Target,3,#034e7b,14.81326267,
Site 1,2018-01-21,Site Target,3,#034e7b,14.93949767,
Site 1,2018-01-22,Site Target,3,#034e7b,15.06573267,
Site 1,2018-01-23,Site Target,3,#034e7b,15.19196767,
Site 1,2018-01-24,Site Target,3,#034e7b,15.31820267,
Site 1,2018-01-25,Site Target,3,#034e7b,15.44443767,
Site 1,2018-01-26,Site Target,3,#034e7b,15.57067267,
Site 1,2018-01-27,Site Target,3,#034e7b,15.69690767,
Site 1,2018-01-28,Site Target,3,#034e7b,15.82314267,
Site 1,2018-01-29,Site Target,3,#034e7b,15.94937767,
Site 1,2018-01-30,Site Target,3,#034e7b,16.07561267,
Site 1,2018-01-31,Site Target,3,#034e7b,16.20184767,
Site 1,2018-02-01,Site Target,3,#034e7b,16.32808267,
Site 1,2018-02-02,Site Target,3,#034e7b,16.45431767,
Site 1,2018-02-03,Site Target,3,#034e7b,16.58055267,
Site 1,2018-02-04,Site Target,3,#034e7b,16.70678767,
Site 1,2018-02-05,Site Target,3,#034e7b,16.83302267,
Site 1,2018-02-06,Site Target,3,#034e7b,16.95925767,
Site 1,2018-02-07,Site Target,3,#034e7b,17.08549267,
Site 1,2018-02-08,Site Target,3,#034e7b,17.21172767,
Site 1,2018-02-09,Site Target,3,#034e7b,17.33796267,
Site 1,2018-02-10,Site Target,3,#034e7b,17.46419767,
Site 1,2018-02-11,Site Target,3,#034e7b,17.59043267,
Site 1,2018-02-12,Site Target,3,#034e7b,17.71666767,
Site 1,2018-02-13,Site Target,3,#034e7b,17.84219,
Site 2,2017-07-28,Screened,1,#a6bddb,0,1
Site 2,2017-07-29,Screened,1,#a6bddb,0,1
Site 2,2017-07-30,Screened,1,#a6bddb,0,1
Site 2,2017-07-31,Screened,1,#a6bddb,0,1
Site 2,2017-08-01,Screened,1,#a6bddb,0,1
Site 2,2017-08-02,Screened,1,#a6bddb,0,1
Site 2,2017-08-03,Screened,1,#a6bddb,0,1
Site 2,2017-08-04,Screened,1,#a6bddb,0,1
Site 2,2017-08-05,Screened,1,#a6bddb,0,1
Site 2,2017-08-06,Screened,1,#a6bddb,0,1
Site 2,2017-08-07,Screened,1,#a6bddb,0,1
Site 2,2017-08-08,Screened,1,#a6bddb,0,1
Site 2,2017-08-09,Screened,1,#a6bddb,0,1
Site 2,2017-08-10,Screened,1,#a6bddb,0,1
Site 2,2017-08-11,Screened,1,#a6bddb,0,1
Site 2,2017-08-12,Screened,1,#a6bddb,0,1
Site 2,2017-08-13,Screened,1,#a6bddb,0,1
Site 2,2017-08-14,Screened,1,#a6bddb,0,1
Site 2,2017-08-15,Screened,1,#a6bddb,0,1
Site 2,2017-08-16,Screened,1,#a6bddb,0,1
Site 2,2017-08-17,Screened,1,#a6bddb,0,1
Site 2,2017-08-18,Screened,1,#a6bddb,0,1
Site 2,2017-08-19,Screened,1,#a6bddb,0,1
Site 2,2017-08-20,Screened,1,#a6bddb,0,1
Site 2,2017-08-21,Screened,1,#a6bddb,0,1
Site 2,2017-08-22,Screened,1,#a6bddb,0,1
Site 2,2017-08-23,Screened,1,#a6bddb,0,1
Site 2,2017-08-24,Screened,1,#a6bddb,0,1
Site 2,2017-08-25,Screened,1,#a6bddb,0,1
Site 2,2017-08-26,Screened,1,#a6bddb,0,1
Site 2,2017-08-27,Screened,1,#a6bddb,0,1
Site 2,2017-08-28,Screened,1,#a6bddb,0,1
Site 2,2017-08-29,Screened,1,#a6bddb,0,1
Site 2,2017-08-30,Screened,1,#a6bddb,0,1
Site 2,2017-08-31,Screened,1,#a6bddb,0,1
Site 2,2017-09-01,Screened,1,#a6bddb,0,1
Site 2,2017-09-02,Screened,1,#a6bddb,0,1
Site 2,2017-09-03,Screened,1,#a6bddb,0,1
Site 2,2017-09-04,Screened,1,#a6bddb,0,1
Site 2,2017-09-05,Screened,1,#a6bddb,0,1
Site 2,2017-09-06,Screened,1,#a6bddb,0,1
Site 2,2017-09-07,Screened,1,#a6bddb,0,1
Site 2,2017-09-08,Screened,1,#a6bddb,0,1
Site 2,2017-09-09,Screened,1,#a6bddb,0,1
Site 2,2017-09-10,Screened,1,#a6bddb,0,1
Site 2,2017-09-11,Screened,1,#a6bddb,0,1
Site 2,2017-09-12,Screened,1,#a6bddb,0,1
Site 2,2017-09-13,Screened,1,#a6bddb,0,1
Site 2,2017-09-14,Screened,1,#a6bddb,0,1
Site 2,2017-09-15,Screened,1,#a6bddb,0,1
Site 2,2017-09-16,Screened,1,#a6bddb,0,1
Site 2,2017-09-17,Screened,1,#a6bddb,0,1
Site 2,2017-09-18,Screened,1,#a6bddb,0,1
Site 2,2017-09-19,Screened,1,#a6bddb,0,1
Site 2,2017-09-20,Screened,1,#a6bddb,0,1
Site 2,2017-09-21,Screened,1,#a6bddb,0,1
Site 2,2017-09-22,Screened,1,#a6bddb,0,1
Site 2,2017-09-23,Screened,1,#a6bddb,0,1
Site 2,2017-09-24,Screened,1,#a6bddb,0,1
Site 2,2017-09-25,Screened,1,#a6bddb,0,1
Site 2,2017-09-26,Screened,1,#a6bddb,0,1
Site 2,2017-09-27,Screened,1,#a6bddb,0,1
Site 2,2017-09-28,Screened,1,#a6bddb,0,1
Site 2,2017-09-29,Screened,1,#a6bddb,0,1
Site 2,2017-09-30,Screened,1,#a6bddb,0,1
Site 2,2017-10-01,Screened,1,#a6bddb,0,1
Site 2,2017-10-02,Screened,1,#a6bddb,0,1
Site 2,2017-10-03,Screened,1,#a6bddb,0,1
Site 2,2017-10-04,Screened,1,#a6bddb,4,1
Site 2,2017-10-05,Screened,1,#a6bddb,8,1
Site 2,2017-10-06,Screened,1,#a6bddb,8,1
Site 2,2017-10-07,Screened,1,#a6bddb,8,1
Site 2,2017-10-08,Screened,1,#a6bddb,8,1
Site 2,2017-10-09,Screened,1,#a6bddb,8,1
Site 2,2017-10-10,Screened,1,#a6bddb,11,1
Site 2,2017-10-11,Screened,1,#a6bddb,11,1
Site 2,2017-10-12,Screened,1,#a6bddb,11,1
Site 2,2017-10-13,Screened,1,#a6bddb,11,1
Site 2,2017-10-14,Screened,1,#a6bddb,11,1
Site 2,2017-10-15,Screened,1,#a6bddb,11,1
Site 2,2017-10-16,Screened,1,#a6bddb,11,1
Site 2,2017-10-17,Screened,1,#a6bddb,11,1
Site 2,2017-10-18,Screened,1,#a6bddb,11,1
Site 2,2017-10-19,Screened,1,#a6bddb,11,1
Site 2,2017-10-20,Screened,1,#a6bddb,11,1
Site 2,2017-10-21,Screened,1,#a6bddb,11,1
Site 2,2017-10-22,Screened,1,#a6bddb,11,1
Site 2,2017-10-23,Screened,1,#a6bddb,11,1
Site 2,2017-10-24,Screened,1,#a6bddb,11,1
Site 2,2017-10-25,Screened,1,#a6bddb,11,1
Site 2,2017-10-26,Screened,1,#a6bddb,11,1
Site 2,2017-10-27,Screened,1,#a6bddb,11,1
Site 2,2017-10-28,Screened,1,#a6bddb,11,1
Site 2,2017-10-29,Screened,1,#a6bddb,11,1
Site 2,2017-10-30,Screened,1,#a6bddb,11,1
Site 2,2017-10-31,Screened,1,#a6bddb,11,1
Site 2,2017-11-01,Screened,1,#a6bddb,11,1
Site 2,2017-11-02,Screened,1,#a6bddb,11,1
Site 2,2017-11-03,Screened,1,#a6bddb,11,1
Site 2,2017-11-04,Screened,1,#a6bddb,11,1
Site 2,2017-11-05,Screened,1,#a6bddb,11,1
Site 2,2017-11-06,Screened,1,#a6bddb,15,1
Site 2,2017-11-07,Screened,1,#a6bddb,15,1
Site 2,2017-11-08,Screened,1,#a6bddb,15,1
Site 2,2017-11-09,Screened,1,#a6bddb,15,1
Site 2,2017-11-10,Screened,1,#a6bddb,15,1
Site 2,2017-11-11,Screened,1,#a6bddb,15,1
Site 2,2017-11-12,Screened,1,#a6bddb,15,1
Site 2,2017-11-13,Screened,1,#a6bddb,15,1
Site 2,2017-11-14,Screened,1,#a6bddb,15,1
Site 2,2017-11-15,Screened,1,#a6bddb,15,1
Site 2,2017-11-16,Screened,1,#a6bddb,15,1
Site 2,2017-11-17,Screened,1,#a6bddb,15,1
Site 2,2017-11-18,Screened,1,#a6bddb,15,1
Site 2,2017-11-19,Screened,1,#a6bddb,15,1
Site 2,2017-11-20,Screened,1,#a6bddb,15,1
Site 2,2017-11-21,Screened,1,#a6bddb,15,1
Site 2,2017-11-22,Screened,1,#a6bddb,15,1
Site 2,2017-11-23,Screened,1,#a6bddb,15,1
Site 2,2017-11-24,Screened,1,#a6bddb,15,1
Site 2,2017-11-25,Screened,1,#a6bddb,15,1
Site 2,2017-11-26,Screened,1,#a6bddb,15,1
Site 2,2017-11-27,Screened,1,#a6bddb,15,1
Site 2,2017-11-28,Screened,1,#a6bddb,15,1
Site 2,2017-11-29,Screened,1,#a6bddb,15,1
Site 2,2017-11-30,Screened,1,#a6bddb,15,1
Site 2,2017-12-01,Screened,1,#a6bddb,15,1
Site 2,2017-12-02,Screened,1,#a6bddb,15,1
Site 2,2017-12-03,Screened,1,#a6bddb,15,1
Site 2,2017-12-04,Screened,1,#a6bddb,15,1
Site 2,2017-12-05,Screened,1,#a6bddb,15,1
Site 2,2017-12-06,Screened,1,#a6bddb,15,1
Site 2,2017-12-07,Screened,1,#a6bddb,15,1
Site 2,2017-12-08,Screened,1,#a6bddb,15,1
Site 2,2017-12-09,Screened,1,#a6bddb,15,1
Site 2,2017-12-10,Screened,1,#a6bddb,15,1
Site 2,2017-12-11,Screened,1,#a6bddb,15,1
Site 2,2017-12-12,Screened,1,#a6bddb,15,1
Site 2,2017-12-13,Screened,1,#a6bddb,15,1
Site 2,2017-12-14,Screened,1,#a6bddb,15,1
Site 2,2017-12-15,Screened,1,#a6bddb,15,1
Site 2,2017-12-16,Screened,1,#a6bddb,15,1
Site 2,2017-12-17,Screened,1,#a6bddb,15,1
Site 2,2017-12-18,Screened,1,#a6bddb,15,1
Site 2,2017-12-19,Screened,1,#a6bddb,15,1
Site 2,2017-12-20,Screened,1,#a6bddb,15,1
Site 2,2017-12-21,Screened,1,#a6bddb,15,1
Site 2,2017-12-22,Screened,1,#a6bddb,15,1
Site 2,2017-12-23,Screened,1,#a6bddb,15,1
Site 2,2017-12-24,Screened,1,#a6bddb,15,1
Site 2,2017-12-25,Screened,1,#a6bddb,15,1
Site 2,2017-12-26,Screened,1,#a6bddb,15,1
Site 2,2017-12-27,Screened,1,#a6bddb,15,1
Site 2,2017-12-28,Screened,1,#a6bddb,15,1
Site 2,2017-12-29,Screened,1,#a6bddb,15,1
Site 2,2017-12-30,Screened,1,#a6bddb,15,1
Site 2,2017-12-31,Screened,1,#a6bddb,15,1
Site 2,2018-01-01,Screened,1,#a6bddb,15,1
Site 2,2018-01-02,Screened,1,#a6bddb,15,1
Site 2,2018-01-03,Screened,1,#a6bddb,15,1
Site 2,2018-01-04,Screened,1,#a6bddb,15,1
Site 2,2018-01-05,Screened,1,#a6bddb,15,1
Site 2,2018-01-06,Screened,1,#a6bddb,15,1
Site 2,2018-01-07,Screened,1,#a6bddb,15,1
Site 2,2018-01-08,Screened,1,#a6bddb,15,1
Site 2,2018-01-09,Screened,1,#a6bddb,15,1
Site 2,2018-01-10,Screened,1,#a6bddb,15,1
Site 2,2018-01-11,Screened,1,#a6bddb,15,1
Site 2,2018-01-12,Screened,1,#a6bddb,15,1
Site 2,2018-01-13,Screened,1,#a6bddb,15,1
Site 2,2018-01-14,Screened,1,#a6bddb,15,1
Site 2,2018-01-15,Screened,1,#a6bddb,15,1
Site 2,2018-01-16,Screened,1,#a6bddb,15,1
Site 2,2018-01-17,Screened,1,#a6bddb,15,1
Site 2,2018-01-18,Screened,1,#a6bddb,15,1
Site 2,2018-01-19,Screened,1,#a6bddb,15,1
Site 2,2018-01-20,Screened,1,#a6bddb,15,1
Site 2,2018-01-21,Screened,1,#a6bddb,15,1
Site 2,2018-01-22,Screened,1,#a6bddb,15,1
Site 2,2018-01-23,Screened,1,#a6bddb,15,1
Site 2,2018-01-24,Screened,1,#a6bddb,15,1
Site 2,2018-01-25,Screened,1,#a6bddb,15,1
Site 2,2018-01-26,Screened,1,#a6bddb,15,1
Site 2,2018-01-27,Screened,1,#a6bddb,15,1
Site 2,2018-01-28,Screened,1,#a6bddb,15,1
Site 2,2018-01-29,Screened,1,#a6bddb,15,1
Site 2,2018-01-30,Screened,1,#a6bddb,18,1
Site 2,2018-01-31,Screened,1,#a6bddb,18,1
Site 2,2018-02-01,Screened,1,#a6bddb,18,1
Site 2,2018-02-02,Screened,1,#a6bddb,18,1
Site 2,2018-02-03,Screened,1,#a6bddb,18,1
Site 2,2018-02-04,Screened,1,#a6bddb,18,1
Site 2,2018-02-05,Screened,1,#a6bddb,22,1
Site 2,2018-02-06,Screened,1,#a6bddb,22,1
Site 2,2018-02-07,Screened,1,#a6bddb,22,1
Site 2,2018-02-08,Screened,1,#a6bddb,22,1
Site 2,2018-02-09,Screened,1,#a6bddb,22,1
Site 2,2018-02-10,Screened,1,#a6bddb,22,1
Site 2,2018-02-11,Screened,1,#a6bddb,22,1
Site 2,2018-02-12,Screened,1,#a6bddb,22,1
Site 2,2018-02-13,Screened,1,#a6bddb,22,1
Site 2,2017-07-28,Site Target,3,#034e7b,0.088767124,
Site 2,2017-07-29,Site Target,3,#034e7b,0.177534247,
Site 2,2017-07-30,Site Target,3,#034e7b,0.26630137,
Site 2,2017-07-31,Site Target,3,#034e7b,0.355068493,
Site 2,2017-08-01,Site Target,3,#034e7b,0.443835617,
Site 2,2017-08-02,Site Target,3,#034e7b,0.532602739,
Site 2,2017-08-03,Site Target,3,#034e7b,0.621369863,
Site 2,2017-08-04,Site Target,3,#034e7b,0.710136986,
Site 2,2017-08-05,Site Target,3,#034e7b,0.79890411,
Site 2,2017-08-06,Site Target,3,#034e7b,0.887671232,
Site 2,2017-08-07,Site Target,3,#034e7b,0.976438356,
Site 2,2017-08-08,Site Target,3,#034e7b,1.06520548,
Site 2,2017-08-09,Site Target,3,#034e7b,1.153972603,
Site 2,2017-08-10,Site Target,3,#034e7b,1.242739726,
Site 2,2017-08-11,Site Target,3,#034e7b,1.331506849,
Site 2,2017-08-12,Site Target,3,#034e7b,1.420273973,
Site 2,2017-08-13,Site Target,3,#034e7b,1.509041096,
Site 2,2017-08-14,Site Target,3,#034e7b,1.597808219,
Site 2,2017-08-15,Site Target,3,#034e7b,1.686575342,
Site 2,2017-08-16,Site Target,3,#034e7b,1.775342466,
Site 2,2017-08-17,Site Target,3,#034e7b,1.86410959,
Site 2,2017-08-18,Site Target,3,#034e7b,1.952876712,
Site 2,2017-08-19,Site Target,3,#034e7b,2.041643836,
Site 2,2017-08-20,Site Target,3,#034e7b,2.130410959,
Site 2,2017-08-21,Site Target,3,#034e7b,2.219178083,
Site 2,2017-08-22,Site Target,3,#034e7b,2.307945205,
Site 2,2017-08-23,Site Target,3,#034e7b,2.396712329,
Site 2,2017-08-24,Site Target,3,#034e7b,2.485479452,
Site 2,2017-08-25,Site Target,3,#034e7b,2.574246576,
Site 2,2017-08-26,Site Target,3,#034e7b,2.663013698,
Site 2,2017-08-27,Site Target,3,#034e7b,2.751780822,
Site 2,2017-08-28,Site Target,3,#034e7b,2.840547946,
Site 2,2017-08-29,Site Target,3,#034e7b,2.929315068,
Site 2,2017-08-30,Site Target,3,#034e7b,3.018082192,
Site 2,2017-08-31,Site Target,3,#034e7b,3.106849315,
Site 2,2017-09-01,Site Target,3,#034e7b,3.195616439,
Site 2,2017-09-02,Site Target,3,#034e7b,3.284383561,
Site 2,2017-09-03,Site Target,3,#034e7b,3.373150685,
Site 2,2017-09-04,Site Target,3,#034e7b,3.461917808,
Site 2,2017-09-05,Site Target,3,#034e7b,3.550684932,
Site 2,2017-09-06,Site Target,3,#034e7b,3.639452054,
Site 2,2017-09-07,Site Target,3,#034e7b,3.728219178,
Site 2,2017-09-08,Site Target,3,#034e7b,3.816986302,
Site 2,2017-09-09,Site Target,3,#034e7b,3.905753425,
Site 2,2017-09-10,Site Target,3,#034e7b,3.994520548,
Site 2,2017-09-11,Site Target,3,#034e7b,4.083287671,
Site 2,2017-09-12,Site Target,3,#034e7b,4.172054795,
Site 2,2017-09-13,Site Target,3,#034e7b,4.260821918,
Site 2,2017-09-14,Site Target,3,#034e7b,4.349589041,
Site 2,2017-09-15,Site Target,3,#034e7b,4.438356164,
Site 2,2017-09-16,Site Target,3,#034e7b,4.527123288,
Site 2,2017-09-17,Site Target,3,#034e7b,4.615890412,
Site 2,2017-09-18,Site Target,3,#034e7b,4.704657534,
Site 2,2017-09-19,Site Target,3,#034e7b,4.793424658,
Site 2,2017-09-20,Site Target,3,#034e7b,4.882191781,
Site 2,2017-09-21,Site Target,3,#034e7b,4.970958904,
Site 2,2017-09-22,Site Target,3,#034e7b,5.059726027,
Site 2,2017-09-23,Site Target,3,#034e7b,5.148493151,
Site 2,2017-09-24,Site Target,3,#034e7b,5.237260274,
Site 2,2017-09-25,Site Target,3,#034e7b,5.326027397,
Site 2,2017-09-26,Site Target,3,#034e7b,5.41479452,
Site 2,2017-09-27,Site Target,3,#034e7b,5.503561644,
Site 2,2017-09-28,Site Target,3,#034e7b,5.592328768,
Site 2,2017-09-29,Site Target,3,#034e7b,5.68109589,
Site 2,2017-09-30,Site Target,3,#034e7b,5.769863014,
Site 2,2017-10-01,Site Target,3,#034e7b,5.858630137,
Site 2,2017-10-02,Site Target,3,#034e7b,5.947397261,
Site 2,2017-10-03,Site Target,3,#034e7b,6.036164383,
Site 2,2017-10-04,Site Target,3,#034e7b,6.124931507,
Site 2,2017-10-05,Site Target,3,#034e7b,6.21369863,
Site 2,2017-10-06,Site Target,3,#034e7b,6.302465754,
Site 2,2017-10-07,Site Target,3,#034e7b,6.391232876,
Site 2,2017-10-08,Site Target,3,#034e7b,6.48,
Site 2,2017-10-09,Site Target,3,#034e7b,6.568767124,
Site 2,2017-10-10,Site Target,3,#034e7b,6.657534247,
Site 2,2017-10-11,Site Target,3,#034e7b,6.74630137,
Site 2,2017-10-12,Site Target,3,#034e7b,6.835068493,
Site 2,2017-10-13,Site Target,3,#034e7b,6.923835617,
Site 2,2017-10-14,Site Target,3,#034e7b,7.012602739,
Site 2,2017-10-15,Site Target,3,#034e7b,7.101369863,
Site 2,2017-10-16,Site Target,3,#034e7b,7.190136986,
Site 2,2017-10-17,Site Target,3,#034e7b,7.27890411,
Site 2,2017-10-18,Site Target,3,#034e7b,7.367671232,
Site 2,2017-10-19,Site Target,3,#034e7b,7.456438356,
Site 2,2017-10-20,Site Target,3,#034e7b,7.54520548,
Site 2,2017-10-21,Site Target,3,#034e7b,7.633972603,
Site 2,2017-10-22,Site Target,3,#034e7b,7.722739726,
Site 2,2017-10-23,Site Target,3,#034e7b,7.811506849,
Site 2,2017-10-24,Site Target,3,#034e7b,7.900273973,
Site 2,2017-10-25,Site Target,3,#034e7b,7.989041096,
Site 2,2017-10-26,Site Target,3,#034e7b,8.077808219,
Site 2,2017-10-27,Site Target,3,#034e7b,8.166575342,
Site 2,2017-10-28,Site Target,3,#034e7b,8.255342466,
Site 2,2017-10-29,Site Target,3,#034e7b,8.34410959,
Site 2,2017-10-30,Site Target,3,#034e7b,8.432876712,
Site 2,2017-10-31,Site Target,3,#034e7b,8.521643836,
Site 2,2017-11-01,Site Target,3,#034e7b,8.610410959,
Site 2,2017-11-02,Site Target,3,#034e7b,8.699178083,
Site 2,2017-11-03,Site Target,3,#034e7b,8.787945205,
Site 2,2017-11-04,Site Target,3,#034e7b,8.876712329,
Site 2,2017-11-05,Site Target,3,#034e7b,8.965479452,
Site 2,2017-11-06,Site Target,3,#034e7b,9.054246576,
Site 2,2017-11-07,Site Target,3,#034e7b,9.143013698,
Site 2,2017-11-08,Site Target,3,#034e7b,9.231780822,
Site 2,2017-11-09,Site Target,3,#034e7b,9.320547946,
Site 2,2017-11-10,Site Target,3,#034e7b,9.409315068,
Site 2,2017-11-11,Site Target,3,#034e7b,9.498082192,
Site 2,2017-11-12,Site Target,3,#034e7b,9.586849315,
Site 2,2017-11-13,Site Target,3,#034e7b,9.675616439,
Site 2,2017-11-14,Site Target,3,#034e7b,9.764383561,
Site 2,2017-11-15,Site Target,3,#034e7b,9.853150685,
Site 2,2017-11-16,Site Target,3,#034e7b,9.941917808,
Site 2,2017-11-17,Site Target,3,#034e7b,10.03068493,
Site 2,2017-11-18,Site Target,3,#034e7b,10.11945205,
Site 2,2017-11-19,Site Target,3,#034e7b,10.20821918,
Site 2,2017-11-20,Site Target,3,#034e7b,10.2969863,
Site 2,2017-11-21,Site Target,3,#034e7b,10.38575343,
Site 2,2017-11-22,Site Target,3,#034e7b,10.47452055,
Site 2,2017-11-23,Site Target,3,#034e7b,10.56328767,
Site 2,2017-11-24,Site Target,3,#034e7b,10.65205479,
Site 2,2017-11-25,Site Target,3,#034e7b,10.74082192,
Site 2,2017-11-26,Site Target,3,#034e7b,10.82958904,
Site 2,2017-11-27,Site Target,3,#034e7b,10.91835616,
Site 2,2017-11-28,Site Target,3,#034e7b,11.00712329,
Site 2,2017-11-29,Site Target,3,#034e7b,11.09589041,
Site 2,2017-11-30,Site Target,3,#034e7b,11.18465753,
Site 2,2017-12-01,Site Target,3,#034e7b,11.27342466,
Site 2,2017-12-02,Site Target,3,#034e7b,11.36219178,
Site 2,2017-12-03,Site Target,3,#034e7b,11.4509589,
Site 2,2017-12-04,Site Target,3,#034e7b,11.53972603,
Site 2,2017-12-05,Site Target,3,#034e7b,11.62849315,
Site 2,2017-12-06,Site Target,3,#034e7b,11.71726027,
Site 2,2017-12-07,Site Target,3,#034e7b,11.8060274,
Site 2,2017-12-08,Site Target,3,#034e7b,11.89479452,
Site 2,2017-12-09,Site Target,3,#034e7b,11.98356164,
Site 2,2017-12-10,Site Target,3,#034e7b,12.07232876,
Site 2,2017-12-11,Site Target,3,#034e7b,12.1610959,
Site 2,2017-12-12,Site Target,3,#034e7b,12.24986302,
Site 2,2017-12-13,Site Target,3,#034e7b,12.33863014,
Site 2,2017-12-14,Site Target,3,#034e7b,12.42739726,
Site 2,2017-12-15,Site Target,3,#034e7b,12.51616439,
Site 2,2017-12-16,Site Target,3,#034e7b,12.60493151,
Site 2,2017-12-17,Site Target,3,#034e7b,12.69369863,
Site 2,2017-12-18,Site Target,3,#034e7b,12.78246576,
Site 2,2017-12-19,Site Target,3,#034e7b,12.87123288,
Site 2,2017-12-20,Site Target,3,#034e7b,12.96,
Site 2,2017-12-21,Site Target,3,#034e7b,13.04876712,
Site 2,2017-12-22,Site Target,3,#034e7b,13.13753425,
Site 2,2017-12-23,Site Target,3,#034e7b,13.22630137,
Site 2,2017-12-24,Site Target,3,#034e7b,13.31506849,
Site 2,2017-12-25,Site Target,3,#034e7b,13.40383561,
Site 2,2017-12-26,Site Target,3,#034e7b,13.49260274,
Site 2,2017-12-27,Site Target,3,#034e7b,13.58136986,
Site 2,2017-12-28,Site Target,3,#034e7b,13.67013698,
Site 2,2017-12-29,Site Target,3,#034e7b,13.75890412,
Site 2,2017-12-30,Site Target,3,#034e7b,13.84767124,
Site 2,2017-12-31,Site Target,3,#034e7b,13.93643836,
Site 2,2018-01-01,Site Target,3,#034e7b,14.02520548,
Site 2,2018-01-02,Site Target,3,#034e7b,14.11397261,
Site 2,2018-01-03,Site Target,3,#034e7b,14.20273973,
Site 2,2018-01-04,Site Target,3,#034e7b,14.29150685,
Site 2,2018-01-05,Site Target,3,#034e7b,14.38027397,
Site 2,2018-01-06,Site Target,3,#034e7b,14.4690411,
Site 2,2018-01-07,Site Target,3,#034e7b,14.55780822,
Site 2,2018-01-08,Site Target,3,#034e7b,14.64657534,
Site 2,2018-01-09,Site Target,3,#034e7b,14.73534247,
Site 2,2018-01-10,Site Target,3,#034e7b,14.82410959,
Site 2,2018-01-11,Site Target,3,#034e7b,14.91287671,
Site 2,2018-01-12,Site Target,3,#034e7b,15.00164383,
Site 2,2018-01-13,Site Target,3,#034e7b,15.09041096,
Site 2,2018-01-14,Site Target,3,#034e7b,15.17917808,
Site 2,2018-01-15,Site Target,3,#034e7b,15.2679452,
Site 2,2018-01-16,Site Target,3,#034e7b,15.35671232,
Site 2,2018-01-17,Site Target,3,#034e7b,15.44547946,
Site 2,2018-01-18,Site Target,3,#034e7b,15.53424658,
Site 2,2018-01-19,Site Target,3,#034e7b,15.6230137,
Site 2,2018-01-20,Site Target,3,#034e7b,15.71178083,
Site 2,2018-01-21,Site Target,3,#034e7b,15.80054795,
Site 2,2018-01-22,Site Target,3,#034e7b,15.88931507,
Site 2,2018-01-23,Site Target,3,#034e7b,15.97808219,
Site 2,2018-01-24,Site Target,3,#034e7b,16.06684932,
Site 2,2018-01-25,Site Target,3,#034e7b,16.15561644,
Site 2,2018-01-26,Site Target,3,#034e7b,16.24438356,
Site 2,2018-01-27,Site Target,3,#034e7b,16.33315068,
Site 2,2018-01-28,Site Target,3,#034e7b,16.42191781,
Site 2,2018-01-29,Site Target,3,#034e7b,16.51068493,
Site 2,2018-01-30,Site Target,3,#034e7b,16.59945205,
Site 2,2018-01-31,Site Target,3,#034e7b,16.68821918,
Site 2,2018-02-01,Site Target,3,#034e7b,16.7769863,
Site 2,2018-02-02,Site Target,3,#034e7b,16.86575342,
Site 2,2018-02-03,Site Target,3,#034e7b,16.95452054,
Site 2,2018-02-04,Site Target,3,#034e7b,17.04328768,
Site 2,2018-02-05,Site Target,3,#034e7b,17.1320548,
Site 2,2018-02-06,Site Target,3,#034e7b,17.22082192,
Site 2,2018-02-07,Site Target,3,#034e7b,17.30958904,
Site 2,2018-02-08,Site Target,3,#034e7b,17.39835617,
Site 2,2018-02-09,Site Target,3,#034e7b,17.48712329,
Site 2,2018-02-10,Site Target,3,#034e7b,17.57589041,
Site 2,2018-02-11,Site Target,3,#034e7b,17.66465754,
Site 2,2018-02-12,Site Target,3,#034e7b,17.75342466,
Site 2,2018-02-13,Site Target,3,#034e7b,17.84219178,
Site 1,2017-07-28,Randomized,2,#3690c0,0,3
Site 1,2017-07-29,Randomized,2,#3690c0,0,3
Site 1,2017-07-30,Randomized,2,#3690c0,0,3
Site 1,2017-07-31,Randomized,2,#3690c0,0,3
Site 1,2017-08-01,Randomized,2,#3690c0,0,3
Site 1,2017-08-02,Randomized,2,#3690c0,0,3
Site 1,2017-08-03,Randomized,2,#3690c0,0,3
Site 1,2017-08-04,Randomized,2,#3690c0,0,3
Site 1,2017-08-05,Randomized,2,#3690c0,0,3
Site 1,2017-08-06,Randomized,2,#3690c0,0,3
Site 1,2017-08-07,Randomized,2,#3690c0,0,3
Site 1,2017-08-08,Randomized,2,#3690c0,0,3
Site 1,2017-08-09,Randomized,2,#3690c0,0,3
Site 1,2017-08-10,Randomized,2,#3690c0,0,3
Site 1,2017-08-11,Randomized,2,#3690c0,0,3
Site 1,2017-08-12,Randomized,2,#3690c0,0,3
Site 1,2017-08-13,Randomized,2,#3690c0,0,3
Site 1,2017-08-14,Randomized,2,#3690c0,0,3
Site 1,2017-08-15,Randomized,2,#3690c0,0,3
Site 1,2017-08-16,Randomized,2,#3690c0,0,3
Site 1,2017-08-17,Randomized,2,#3690c0,0,3
Site 1,2017-08-18,Randomized,2,#3690c0,0,3
Site 1,2017-08-19,Randomized,2,#3690c0,0,3
Site 1,2017-08-20,Randomized,2,#3690c0,0,3
Site 1,2017-08-21,Randomized,2,#3690c0,0,3
Site 1,2017-08-22,Randomized,2,#3690c0,0,3
Site 1,2017-08-23,Randomized,2,#3690c0,0,3
Site 1,2017-08-24,Randomized,2,#3690c0,0,3
Site 1,2017-08-25,Randomized,2,#3690c0,0,3
Site 1,2017-08-26,Randomized,2,#3690c0,0,3
Site 1,2017-08-27,Randomized,2,#3690c0,0,3
Site 1,2017-08-28,Randomized,2,#3690c0,0,3
Site 1,2017-08-29,Randomized,2,#3690c0,0,3
Site 1,2017-08-30,Randomized,2,#3690c0,0,3
Site 1,2017-08-31,Randomized,2,#3690c0,0,3
Site 1,2017-09-01,Randomized,2,#3690c0,0,3
Site 1,2017-09-02,Randomized,2,#3690c0,0,3
Site 1,2017-09-03,Randomized,2,#3690c0,0,3
Site 1,2017-09-04,Randomized,2,#3690c0,0,3
Site 1,2017-09-05,Randomized,2,#3690c0,0,3
Site 1,2017-09-06,Randomized,2,#3690c0,0,3
Site 1,2017-09-07,Randomized,2,#3690c0,0,3
Site 1,2017-09-08,Randomized,2,#3690c0,0,3
Site 1,2017-09-09,Randomized,2,#3690c0,0,3
Site 1,2017-09-10,Randomized,2,#3690c0,0,3
Site 1,2017-09-11,Randomized,2,#3690c0,0,3
Site 1,2017-09-12,Randomized,2,#3690c0,0,3
Site 1,2017-09-13,Randomized,2,#3690c0,0,3
Site 1,2017-09-14,Randomized,2,#3690c0,0,3
Site 1,2017-09-15,Randomized,2,#3690c0,0,3
Site 1,2017-09-16,Randomized,2,#3690c0,0,3
Site 1,2017-09-17,Randomized,2,#3690c0,0,3
Site 1,2017-09-18,Randomized,2,#3690c0,0,3
Site 1,2017-09-19,Randomized,2,#3690c0,0,3
Site 1,2017-09-20,Randomized,2,#3690c0,0,3
Site 1,2017-09-21,Randomized,2,#3690c0,0,3
Site 1,2017-09-22,Randomized,2,#3690c0,0,3
Site 1,2017-09-23,Randomized,2,#3690c0,0,3
Site 1,2017-09-24,Randomized,2,#3690c0,0,3
Site 1,2017-09-25,Randomized,2,#3690c0,0,3
Site 1,2017-09-26,Randomized,2,#3690c0,0,3
Site 1,2017-09-27,Randomized,2,#3690c0,0,3
Site 1,2017-09-28,Randomized,2,#3690c0,4,3
Site 1,2017-09-29,Randomized,2,#3690c0,4,3
Site 1,2017-09-30,Randomized,2,#3690c0,4,3
Site 1,2017-10-01,Randomized,2,#3690c0,4,3
Site 1,2017-10-02,Randomized,2,#3690c0,4,3
Site 1,2017-10-03,Randomized,2,#3690c0,4,3
Site 1,2017-10-04,Randomized,2,#3690c0,4,3
Site 1,2017-10-05,Randomized,2,#3690c0,4,3
Site 1,2017-10-06,Randomized,2,#3690c0,4,3
Site 1,2017-10-07,Randomized,2,#3690c0,4,3
Site 1,2017-10-08,Randomized,2,#3690c0,4,3
Site 1,2017-10-09,Randomized,2,#3690c0,4,3
Site 1,2017-10-10,Randomized,2,#3690c0,4,3
Site 1,2017-10-11,Randomized,2,#3690c0,4,3
Site 1,2017-10-12,Randomized,2,#3690c0,4,3
Site 1,2017-10-13,Randomized,2,#3690c0,4,3
Site 1,2017-10-14,Randomized,2,#3690c0,4,3
Site 1,2017-10-15,Randomized,2,#3690c0,4,3
Site 1,2017-10-16,Randomized,2,#3690c0,4,3
Site 1,2017-10-17,Randomized,2,#3690c0,4,3
Site 1,2017-10-18,Randomized,2,#3690c0,4,3
Site 1,2017-10-19,Randomized,2,#3690c0,4,3
Site 1,2017-10-20,Randomized,2,#3690c0,4,3
Site 1,2017-10-21,Randomized,2,#3690c0,4,3
Site 1,2017-10-22,Randomized,2,#3690c0,4,3
Site 1,2017-10-23,Randomized,2,#3690c0,7,3
Site 1,2017-10-24,Randomized,2,#3690c0,7,3
Site 1,2017-10-25,Randomized,2,#3690c0,7,3
Site 1,2017-10-26,Randomized,2,#3690c0,7,3
Site 1,2017-10-27,Randomized,2,#3690c0,7,3
Site 1,2017-10-28,Randomized,2,#3690c0,7,3
Site 1,2017-10-29,Randomized,2,#3690c0,7,3
Site 1,2017-10-30,Randomized,2,#3690c0,7,3
Site 1,2017-10-31,Randomized,2,#3690c0,7,3
Site 1,2017-11-01,Randomized,2,#3690c0,7,3
Site 1,2017-11-02,Randomized,2,#3690c0,7,3
Site 1,2017-11-03,Randomized,2,#3690c0,7,3
Site 1,2017-11-04,Randomized,2,#3690c0,7,3
Site 1,2017-11-05,Randomized,2,#3690c0,7,3
Site 1,2017-11-06,Randomized,2,#3690c0,7,3
Site 1,2017-11-07,Randomized,2,#3690c0,7,3
Site 1,2017-11-08,Randomized,2,#3690c0,7,3
Site 1,2017-11-09,Randomized,2,#3690c0,7,3
Site 1,2017-11-10,Randomized,2,#3690c0,7,3
Site 1,2017-11-11,Randomized,2,#3690c0,7,3
Site 1,2017-11-12,Randomized,2,#3690c0,7,3
Site 1,2017-11-13,Randomized,2,#3690c0,7,3
Site 1,2017-11-14,Randomized,2,#3690c0,7,3
Site 1,2017-11-15,Randomized,2,#3690c0,7,3
Site 1,2017-11-16,Randomized,2,#3690c0,7,3
Site 1,2017-11-17,Randomized,2,#3690c0,7,3
Site 1,2017-11-18,Randomized,2,#3690c0,7,3
Site 1,2017-11-19,Randomized,2,#3690c0,7,3
Site 1,2017-11-20,Randomized,2,#3690c0,7,3
Site 1,2017-11-21,Randomized,2,#3690c0,7,3
Site 1,2017-11-22,Randomized,2,#3690c0,7,3
Site 1,2017-11-23,Randomized,2,#3690c0,7,3
Site 1,2017-11-24,Randomized,2,#3690c0,7,3
Site 1,2017-11-25,Randomized,2,#3690c0,7,3
Site 1,2017-11-26,Randomized,2,#3690c0,7,3
Site 1,2017-11-27,Randomized,2,#3690c0,7,3
Site 1,2017-11-28,Randomized,2,#3690c0,7,3
Site 1,2017-11-29,Randomized,2,#3690c0,7,3
Site 1,2017-11-30,Randomized,2,#3690c0,7,3
Site 1,2017-12-01,Randomized,2,#3690c0,7,3
Site 1,2017-12-02,Randomized,2,#3690c0,7,3
Site 1,2017-12-03,Randomized,2,#3690c0,7,3
Site 1,2017-12-04,Randomized,2,#3690c0,7,3
Site 1,2017-12-05,Randomized,2,#3690c0,7,3
Site 1,2017-12-06,Randomized,2,#3690c0,7,3
Site 1,2017-12-07,Randomized,2,#3690c0,7,3
Site 1,2017-12-08,Randomized,2,#3690c0,7,3
Site 1,2017-12-09,Randomized,2,#3690c0,7,3
Site 1,2017-12-10,Randomized,2,#3690c0,7,3
Site 1,2017-12-11,Randomized,2,#3690c0,7,3
Site 1,2017-12-12,Randomized,2,#3690c0,7,3
Site 1,2017-12-13,Randomized,2,#3690c0,7,3
Site 1,2017-12-14,Randomized,2,#3690c0,7,3
Site 1,2017-12-15,Randomized,2,#3690c0,7,3
Site 1,2017-12-16,Randomized,2,#3690c0,7,3
Site 1,2017-12-17,Randomized,2,#3690c0,7,3
Site 1,2017-12-18,Randomized,2,#3690c0,7,3
Site 1,2017-12-19,Randomized,2,#3690c0,7,3
Site 1,2017-12-20,Randomized,2,#3690c0,7,3
Site 1,2017-12-21,Randomized,2,#3690c0,7,3
Site 1,2017-12-22,Randomized,2,#3690c0,7,3
Site 1,2017-12-23,Randomized,2,#3690c0,7,3
Site 1,2017-12-24,Randomized,2,#3690c0,7,3
Site 1,2017-12-25,Randomized,2,#3690c0,7,3
Site 1,2017-12-26,Randomized,2,#3690c0,7,3
Site 1,2017-12-27,Randomized,2,#3690c0,7,3
Site 1,2017-12-28,Randomized,2,#3690c0,7,3
Site 1,2017-12-29,Randomized,2,#3690c0,7,3
Site 1,2017-12-30,Randomized,2,#3690c0,7,3
Site 1,2017-12-31,Randomized,2,#3690c0,7,3
Site 1,2018-01-01,Randomized,2,#3690c0,7,3
Site 1,2018-01-02,Randomized,2,#3690c0,7,3
Site 1,2018-01-03,Randomized,2,#3690c0,7,3
Site 1,2018-01-04,Randomized,2,#3690c0,7,3
Site 1,2018-01-05,Randomized,2,#3690c0,7,3
Site 1,2018-01-06,Randomized,2,#3690c0,7,3
Site 1,2018-01-07,Randomized,2,#3690c0,7,3
Site 1,2018-01-08,Randomized,2,#3690c0,7,3
Site 1,2018-01-09,Randomized,2,#3690c0,7,3
Site 1,2018-01-10,Randomized,2,#3690c0,7,3
Site 1,2018-01-11,Randomized,2,#3690c0,10,3
Site 1,2018-01-12,Randomized,2,#3690c0,10,3
Site 1,2018-01-13,Randomized,2,#3690c0,10,3
Site 1,2018-01-14,Randomized,2,#3690c0,10,3
Site 1,2018-01-15,Randomized,2,#3690c0,10,3
Site 1,2018-01-16,Randomized,2,#3690c0,10,3
Site 1,2018-01-17,Randomized,2,#3690c0,10,3
Site 1,2018-01-18,Randomized,2,#3690c0,10,3
Site 1,2018-01-19,Randomized,2,#3690c0,10,3
Site 1,2018-01-20,Randomized,2,#3690c0,10,3
Site 1,2018-01-21,Randomized,2,#3690c0,10,3
Site 1,2018-01-22,Randomized,2,#3690c0,10,3
Site 1,2018-01-23,Randomized,2,#3690c0,10,3
Site 1,2018-01-24,Randomized,2,#3690c0,10,3
Site 1,2018-01-25,Randomized,2,#3690c0,10,3
Site 1,2018-01-26,Randomized,2,#3690c0,10,3
Site 1,2018-01-27,Randomized,2,#3690c0,10,3
Site 1,2018-01-28,Randomized,2,#3690c0,10,3
Site 1,2018-01-29,Randomized,2,#3690c0,10,3
Site 1,2018-01-30,Randomized,2,#3690c0,10,3
Site 1,2018-01-31,Randomized,2,#3690c0,10,3
Site 1,2018-02-01,Randomized,2,#3690c0,10,3
Site 1,2018-02-02,Randomized,2,#3690c0,10,3
Site 1,2018-02-03,Randomized,2,#3690c0,10,3
Site 1,2018-02-04,Randomized,2,#3690c0,10,3
Site 1,2018-02-05,Randomized,2,#3690c0,10,3
Site 1,2018-02-06,Randomized,2,#3690c0,13,3
Site 1,2018-02-07,Randomized,2,#3690c0,13,3
Site 1,2018-02-08,Randomized,2,#3690c0,13,3
Site 1,2018-02-09,Randomized,2,#3690c0,13,3
Site 1,2018-02-10,Randomized,2,#3690c0,13,3
Site 1,2018-02-11,Randomized,2,#3690c0,13,3
Site 1,2018-02-12,Randomized,2,#3690c0,13,3
Site 1,2018-02-13,Randomized,2,#3690c0,13,3
Site 2,2017-07-28,Randomized,2,#3690c0,0,3
Site 2,2017-07-29,Randomized,2,#3690c0,0,3
Site 2,2017-07-30,Randomized,2,#3690c0,0,3
Site 2,2017-07-31,Randomized,2,#3690c0,0,3
Site 2,2017-08-01,Randomized,2,#3690c0,0,3
Site 2,2017-08-02,Randomized,2,#3690c0,0,3
Site 2,2017-08-03,Randomized,2,#3690c0,0,3
Site 2,2017-08-04,Randomized,2,#3690c0,0,3
Site 2,2017-08-05,Randomized,2,#3690c0,0,3
Site 2,2017-08-06,Randomized,2,#3690c0,0,3
Site 2,2017-08-07,Randomized,2,#3690c0,0,3
Site 2,2017-08-08,Randomized,2,#3690c0,0,3
Site 2,2017-08-09,Randomized,2,#3690c0,0,3
Site 2,2017-08-10,Randomized,2,#3690c0,0,3
Site 2,2017-08-11,Randomized,2,#3690c0,0,3
Site 2,2017-08-12,Randomized,2,#3690c0,0,3
Site 2,2017-08-13,Randomized,2,#3690c0,0,3
Site 2,2017-08-14,Randomized,2,#3690c0,0,3
Site 2,2017-08-15,Randomized,2,#3690c0,0,3
Site 2,2017-08-16,Randomized,2,#3690c0,0,3
Site 2,2017-08-17,Randomized,2,#3690c0,0,3
Site 2,2017-08-18,Randomized,2,#3690c0,0,3
Site 2,2017-08-19,Randomized,2,#3690c0,0,3
Site 2,2017-08-20,Randomized,2,#3690c0,0,3
Site 2,2017-08-21,Randomized,2,#3690c0,0,3
Site 2,2017-08-22,Randomized,2,#3690c0,0,3
Site 2,2017-08-23,Randomized,2,#3690c0,0,3
Site 2,2017-08-24,Randomized,2,#3690c0,0,3
Site 2,2017-08-25,Randomized,2,#3690c0,0,3
Site 2,2017-08-26,Randomized,2,#3690c0,0,3
Site 2,2017-08-27,Randomized,2,#3690c0,0,3
Site 2,2017-08-28,Randomized,2,#3690c0,0,3
Site 2,2017-08-29,Randomized,2,#3690c0,0,3
Site 2,2017-08-30,Randomized,2,#3690c0,0,3
Site 2,2017-08-31,Randomized,2,#3690c0,0,3
Site 2,2017-09-01,Randomized,2,#3690c0,0,3
Site 2,2017-09-02,Randomized,2,#3690c0,0,3
Site 2,2017-09-03,Randomized,2,#3690c0,0,3
Site 2,2017-09-04,Randomized,2,#3690c0,0,3
Site 2,2017-09-05,Randomized,2,#3690c0,0,3
Site 2,2017-09-06,Randomized,2,#3690c0,0,3
Site 2,2017-09-07,Randomized,2,#3690c0,0,3
Site 2,2017-09-08,Randomized,2,#3690c0,0,3
Site 2,2017-09-09,Randomized,2,#3690c0,0,3
Site 2,2017-09-10,Randomized,2,#3690c0,0,3
Site 2,2017-09-11,Randomized,2,#3690c0,0,3
Site 2,2017-09-12,Randomized,2,#3690c0,0,3
Site 2,2017-09-13,Randomized,2,#3690c0,0,3
Site 2,2017-09-14,Randomized,2,#3690c0,0,3
Site 2,2017-09-15,Randomized,2,#3690c0,0,3
Site 2,2017-09-16,Randomized,2,#3690c0,0,3
Site 2,2017-09-17,Randomized,2,#3690c0,0,3
Site 2,2017-09-18,Randomized,2,#3690c0,0,3
Site 2,2017-09-19,Randomized,2,#3690c0,0,3
Site 2,2017-09-20,Randomized,2,#3690c0,0,3
Site 2,2017-09-21,Randomized,2,#3690c0,0,3
Site 2,2017-09-22,Randomized,2,#3690c0,0,3
Site 2,2017-09-23,Randomized,2,#3690c0,0,3
Site 2,2017-09-24,Randomized,2,#3690c0,0,3
Site 2,2017-09-25,Randomized,2,#3690c0,0,3
Site 2,2017-09-26,Randomized,2,#3690c0,0,3
Site 2,2017-09-27,Randomized,2,#3690c0,0,3
Site 2,2017-09-28,Randomized,2,#3690c0,0,3
Site 2,2017-09-29,Randomized,2,#3690c0,0,3
Site 2,2017-09-30,Randomized,2,#3690c0,0,3
Site 2,2017-10-01,Randomized,2,#3690c0,0,3
Site 2,2017-10-02,Randomized,2,#3690c0,0,3
Site 2,2017-10-03,Randomized,2,#3690c0,0,3
Site 2,2017-10-04,Randomized,2,#3690c0,4,3
Site 2,2017-10-05,Randomized,2,#3690c0,7,3
Site 2,2017-10-06,Randomized,2,#3690c0,7,3
Site 2,2017-10-07,Randomized,2,#3690c0,7,3
Site 2,2017-10-08,Randomized,2,#3690c0,7,3
Site 2,2017-10-09,Randomized,2,#3690c0,7,3
Site 2,2017-10-10,Randomized,2,#3690c0,10,3
Site 2,2017-10-11,Randomized,2,#3690c0,10,3
Site 2,2017-10-12,Randomized,2,#3690c0,10,3
Site 2,2017-10-13,Randomized,2,#3690c0,10,3
Site 2,2017-10-14,Randomized,2,#3690c0,10,3
Site 2,2017-10-15,Randomized,2,#3690c0,10,3
Site 2,2017-10-16,Randomized,2,#3690c0,10,3
Site 2,2017-10-17,Randomized,2,#3690c0,10,3
Site 2,2017-10-18,Randomized,2,#3690c0,10,3
Site 2,2017-10-19,Randomized,2,#3690c0,10,3
Site 2,2017-10-20,Randomized,2,#3690c0,10,3
Site 2,2017-10-21,Randomized,2,#3690c0,10,3
Site 2,2017-10-22,Randomized,2,#3690c0,10,3
Site 2,2017-10-23,Randomized,2,#3690c0,10,3
Site 2,2017-10-24,Randomized,2,#3690c0,10,3
Site 2,2017-10-25,Randomized,2,#3690c0,10,3
Site 2,2017-10-26,Randomized,2,#3690c0,10,3
Site 2,2017-10-27,Randomized,2,#3690c0,10,3
Site 2,2017-10-28,Randomized,2,#3690c0,10,3
Site 2,2017-10-29,Randomized,2,#3690c0,10,3
Site 2,2017-10-30,Randomized,2,#3690c0,10,3
Site 2,2017-10-31,Randomized,2,#3690c0,10,3
Site 2,2017-11-01,Randomized,2,#3690c0,10,3
Site 2,2017-11-02,Randomized,2,#3690c0,10,3
Site 2,2017-11-03,Randomized,2,#3690c0,10,3
Site 2,2017-11-04,Randomized,2,#3690c0,10,3
Site 2,2017-11-05,Randomized,2,#3690c0,10,3
Site 2,2017-11-06,Randomized,2,#3690c0,13,3
Site 2,2017-11-07,Randomized,2,#3690c0,13,3
Site 2,2017-11-08,Randomized,2,#3690c0,13,3
Site 2,2017-11-09,Randomized,2,#3690c0,13,3
Site 2,2017-11-10,Randomized,2,#3690c0,13,3
Site 2,2017-11-11,Randomized,2,#3690c0,13,3
Site 2,2017-11-12,Randomized,2,#3690c0,13,3
Site 2,2017-11-13,Randomized,2,#3690c0,13,3
Site 2,2017-11-14,Randomized,2,#3690c0,13,3
Site 2,2017-11-15,Randomized,2,#3690c0,13,3
Site 2,2017-11-16,Randomized,2,#3690c0,13,3
Site 2,2017-11-17,Randomized,2,#3690c0,13,3
Site 2,2017-11-18,Randomized,2,#3690c0,13,3
Site 2,2017-11-19,Randomized,2,#3690c0,13,3
Site 2,2017-11-20,Randomized,2,#3690c0,13,3
Site 2,2017-11-21,Randomized,2,#3690c0,13,3
Site 2,2017-11-22,Randomized,2,#3690c0,13,3
Site 2,2017-11-23,Randomized,2,#3690c0,13,3
Site 2,2017-11-24,Randomized,2,#3690c0,13,3
Site 2,2017-11-25,Randomized,2,#3690c0,13,3
Site 2,2017-11-26,Randomized,2,#3690c0,13,3
Site 2,2017-11-27,Randomized,2,#3690c0,13,3
Site 2,2017-11-28,Randomized,2,#3690c0,13,3
Site 2,2017-11-29,Randomized,2,#3690c0,13,3
Site 2,2017-11-30,Randomized,2,#3690c0,13,3
Site 2,2017-12-01,Randomized,2,#3690c0,13,3
Site 2,2017-12-02,Randomized,2,#3690c0,13,3
Site 2,2017-12-03,Randomized,2,#3690c0,13,3
Site 2,2017-12-04,Randomized,2,#3690c0,13,3
Site 2,2017-12-05,Randomized,2,#3690c0,13,3
Site 2,2017-12-06,Randomized,2,#3690c0,13,3
Site 2,2017-12-07,Randomized,2,#3690c0,13,3
Site 2,2017-12-08,Randomized,2,#3690c0,13,3
Site 2,2017-12-09,Randomized,2,#3690c0,13,3
Site 2,2017-12-10,Randomized,2,#3690c0,13,3
Site 2,2017-12-11,Randomized,2,#3690c0,13,3
Site 2,2017-12-12,Randomized,2,#3690c0,13,3
Site 2,2017-12-13,Randomized,2,#3690c0,13,3
Site 2,2017-12-14,Randomized,2,#3690c0,13,3
Site 2,2017-12-15,Randomized,2,#3690c0,13,3
Site 2,2017-12-16,Randomized,2,#3690c0,13,3
Site 2,2017-12-17,Randomized,2,#3690c0,13,3
Site 2,2017-12-18,Randomized,2,#3690c0,13,3
Site 2,2017-12-19,Randomized,2,#3690c0,13,3
Site 2,2017-12-20,Randomized,2,#3690c0,13,3
Site 2,2017-12-21,Randomized,2,#3690c0,13,3
Site 2,2017-12-22,Randomized,2,#3690c0,13,3
Site 2,2017-12-23,Randomized,2,#3690c0,13,3
Site 2,2017-12-24,Randomized,2,#3690c0,13,3
Site 2,2017-12-25,Randomized,2,#3690c0,13,3
Site 2,2017-12-26,Randomized,2,#3690c0,13,3
Site 2,2017-12-27,Randomized,2,#3690c0,13,3
Site 2,2017-12-28,Randomized,2,#3690c0,13,3
Site 2,2017-12-29,Randomized,2,#3690c0,13,3
Site 2,2017-12-30,Randomized,2,#3690c0,13,3
Site 2,2017-12-31,Randomized,2,#3690c0,13,3
Site 2,2018-01-01,Randomized,2,#3690c0,13,3
Site 2,2018-01-02,Randomized,2,#3690c0,13,3
Site 2,2018-01-03,Randomized,2,#3690c0,13,3
Site 2,2018-01-04,Randomized,2,#3690c0,13,3
Site 2,2018-01-05,Randomized,2,#3690c0,13,3
Site 2,2018-01-06,Randomized,2,#3690c0,13,3
Site 2,2018-01-07,Randomized,2,#3690c0,13,3
Site 2,2018-01-08,Randomized,2,#3690c0,13,3
Site 2,2018-01-09,Randomized,2,#3690c0,13,3
Site 2,2018-01-10,Randomized,2,#3690c0,13,3
Site 2,2018-01-11,Randomized,2,#3690c0,13,3
Site 2,2018-01-12,Randomized,2,#3690c0,13,3
Site 2,2018-01-13,Randomized,2,#3690c0,13,3
Site 2,2018-01-14,Randomized,2,#3690c0,13,3
Site 2,2018-01-15,Randomized,2,#3690c0,13,3
Site 2,2018-01-16,Randomized,2,#3690c0,13,3
Site 2,2018-01-17,Randomized,2,#3690c0,13,3
Site 2,2018-01-18,Randomized,2,#3690c0,13,3
Site 2,2018-01-19,Randomized,2,#3690c0,13,3
Site 2,2018-01-20,Randomized,2,#3690c0,13,3
Site 2,2018-01-21,Randomized,2,#3690c0,13,3
Site 2,2018-01-22,Randomized,2,#3690c0,13,3
Site 2,2018-01-23,Randomized,2,#3690c0,13,3
Site 2,2018-01-24,Randomized,2,#3690c0,13,3
Site 2,2018-01-25,Randomized,2,#3690c0,13,3
Site 2,2018-01-26,Randomized,2,#3690c0,13,3
Site 2,2018-01-27,Randomized,2,#3690c0,13,3
Site 2,2018-01-28,Randomized,2,#3690c0,13,3
Site 2,2018-01-29,Randomized,2,#3690c0,13,3
Site 2,2018-01-30,Randomized,2,#3690c0,15,3
Site 2,2018-01-31,Randomized,2,#3690c0,15,3
Site 2,2018-02-01,Randomized,2,#3690c0,15,3
Site 2,2018-02-02,Randomized,2,#3690c0,15,3
Site 2,2018-02-03,Randomized,2,#3690c0,15,3
Site 2,2018-02-04,Randomized,2,#3690c0,15,3
Site 2,2018-02-05,Randomized,2,#3690c0,19,3
Site 2,2018-02-06,Randomized,2,#3690c0,19,3
Site 2,2018-02-07,Randomized,2,#3690c0,19,3
Site 2,2018-02-08,Randomized,2,#3690c0,19,3
Site 2,2018-02-09,Randomized,2,#3690c0,19,3
Site 2,2018-02-10,Randomized,2,#3690c0,19,3
Site 2,2018-02-11,Randomized,2,#3690c0,19,3
Site 2,2018-02-12,Randomized,2,#3690c0,19,3
Site 2,2018-02-13,Randomized,2,#3690c0,19,3
,2017-07-28,Overall Target,3,#034e7b,0.177534247,
,2017-07-29,Overall Target,3,#034e7b,0.355068494,
,2017-07-30,Overall Target,3,#034e7b,0.532602739,
,2017-07-31,Overall Target,3,#034e7b,0.710136986,
,2017-08-01,Overall Target,3,#034e7b,0.887671234,
,2017-08-02,Overall Target,3,#034e7b,1.065205478,
,2017-08-03,Overall Target,3,#034e7b,1.242739726,
,2017-08-04,Overall Target,3,#034e7b,1.420273973,
,2017-08-05,Overall Target,3,#034e7b,1.59780822,
,2017-08-06,Overall Target,3,#034e7b,1.775342465,
,2017-08-07,Overall Target,3,#034e7b,1.952876712,
,2017-08-08,Overall Target,3,#034e7b,2.130410959,
,2017-08-09,Overall Target,3,#034e7b,2.307945206,
,2017-08-10,Overall Target,3,#034e7b,2.485479451,
,2017-08-11,Overall Target,3,#034e7b,2.663013698,
,2017-08-12,Overall Target,3,#034e7b,2.840547946,
,2017-08-13,Overall Target,3,#034e7b,3.018082193,
,2017-08-14,Overall Target,3,#034e7b,3.195616438,
,2017-08-15,Overall Target,3,#034e7b,3.373150685,
,2017-08-16,Overall Target,3,#034e7b,3.550684932,
,2017-08-17,Overall Target,3,#034e7b,3.728219179,
,2017-08-18,Overall Target,3,#034e7b,3.905753424,
,2017-08-19,Overall Target,3,#034e7b,4.083287671,
,2017-08-20,Overall Target,3,#034e7b,4.260821918,
,2017-08-21,Overall Target,3,#034e7b,4.438356166,
,2017-08-22,Overall Target,3,#034e7b,4.61589041,
,2017-08-23,Overall Target,3,#034e7b,4.793424658,
,2017-08-24,Overall Target,3,#034e7b,4.970958905,
,2017-08-25,Overall Target,3,#034e7b,5.148493152,
,2017-08-26,Overall Target,3,#034e7b,5.326027397,
,2017-08-27,Overall Target,3,#034e7b,5.503561644,
,2017-08-28,Overall Target,3,#034e7b,5.681095891,
,2017-08-29,Overall Target,3,#034e7b,5.858630136,
,2017-08-30,Overall Target,3,#034e7b,6.036164383,
,2017-08-31,Overall Target,3,#034e7b,6.21369863,
,2017-09-01,Overall Target,3,#034e7b,6.391232878,
,2017-09-02,Overall Target,3,#034e7b,6.568767122,
,2017-09-03,Overall Target,3,#034e7b,6.74630137,
,2017-09-04,Overall Target,3,#034e7b,6.923835617,
,2017-09-05,Overall Target,3,#034e7b,7.101369864,
,2017-09-06,Overall Target,3,#034e7b,7.278904109,
,2017-09-07,Overall Target,3,#034e7b,7.456438356,
,2017-09-08,Overall Target,3,#034e7b,7.633972603,
,2017-09-09,Overall Target,3,#034e7b,7.81150685,
,2017-09-10,Overall Target,3,#034e7b,7.989041095,
,2017-09-11,Overall Target,3,#034e7b,8.166575342,
,2017-09-12,Overall Target,3,#034e7b,8.34410959,
,2017-09-13,Overall Target,3,#034e7b,8.521643837,
,2017-09-14,Overall Target,3,#034e7b,8.699178082,
,2017-09-15,Overall Target,3,#034e7b,8.876712329,
,2017-09-16,Overall Target,3,#034e7b,9.054246576,
,2017-09-17,Overall Target,3,#034e7b,9.231780823,
,2017-09-18,Overall Target,3,#034e7b,9.409315068,
,2017-09-19,Overall Target,3,#034e7b,9.586849315,
,2017-09-20,Overall Target,3,#034e7b,9.764383562,
,2017-09-21,Overall Target,3,#034e7b,9.941917807,
,2017-09-22,Overall Target,3,#034e7b,10.11945205,
,2017-09-23,Overall Target,3,#034e7b,10.2969863,
,2017-09-24,Overall Target,3,#034e7b,10.47452055,
,2017-09-25,Overall Target,3,#034e7b,10.65205479,
,2017-09-26,Overall Target,3,#034e7b,10.82958904,
,2017-09-27,Overall Target,3,#034e7b,11.00712329,
,2017-09-28,Overall Target,3,#034e7b,11.18465754,
,2017-09-29,Overall Target,3,#034e7b,11.36219178,
,2017-09-30,Overall Target,3,#034e7b,11.53972603,
,2017-10-01,Overall Target,3,#034e7b,11.71726027,
,2017-10-02,Overall Target,3,#034e7b,11.89479452,
,2017-10-03,Overall Target,3,#034e7b,12.07232877,
,2017-10-04,Overall Target,3,#034e7b,12.24986301,
,2017-10-05,Overall Target,3,#034e7b,12.42739726,
,2017-10-06,Overall Target,3,#034e7b,12.60493151,
,2017-10-07,Overall Target,3,#034e7b,12.78246575,
,2017-10-08,Overall Target,3,#034e7b,12.96,
,2017-10-09,Overall Target,3,#034e7b,13.13753425,
,2017-10-10,Overall Target,3,#034e7b,13.31506849,
,2017-10-11,Overall Target,3,#034e7b,13.49260274,
,2017-10-12,Overall Target,3,#034e7b,13.67013699,
,2017-10-13,Overall Target,3,#034e7b,13.84767123,
,2017-10-14,Overall Target,3,#034e7b,14.02520548,
,2017-10-15,Overall Target,3,#034e7b,14.20273973,
,2017-10-16,Overall Target,3,#034e7b,14.38027397,
,2017-10-17,Overall Target,3,#034e7b,14.55780822,
,2017-10-18,Overall Target,3,#034e7b,14.73534246,
,2017-10-19,Overall Target,3,#034e7b,14.91287671,
,2017-10-20,Overall Target,3,#034e7b,15.09041096,
,2017-10-21,Overall Target,3,#034e7b,15.26794521,
,2017-10-22,Overall Target,3,#034e7b,15.44547945,
,2017-10-23,Overall Target,3,#034e7b,15.6230137,
,2017-10-24,Overall Target,3,#034e7b,15.80054795,
,2017-10-25,Overall Target,3,#034e7b,15.97808219,
,2017-10-26,Overall Target,3,#034e7b,16.15561644,
,2017-10-27,Overall Target,3,#034e7b,16.33315068,
,2017-10-28,Overall Target,3,#034e7b,16.51068493,
,2017-10-29,Overall Target,3,#034e7b,16.68821918,
,2017-10-30,Overall Target,3,#034e7b,16.86575342,
,2017-10-31,Overall Target,3,#034e7b,17.04328767,
,2017-11-01,Overall Target,3,#034e7b,17.22082192,
,2017-11-02,Overall Target,3,#034e7b,17.39835617,
,2017-11-03,Overall Target,3,#034e7b,17.57589041,
,2017-11-04,Overall Target,3,#034e7b,17.75342466,
,2017-11-05,Overall Target,3,#034e7b,17.9309589,
,2017-11-06,Overall Target,3,#034e7b,18.10849315,
,2017-11-07,Overall Target,3,#034e7b,18.2860274,
,2017-11-08,Overall Target,3,#034e7b,18.46356164,
,2017-11-09,Overall Target,3,#034e7b,18.64109589,
,2017-11-10,Overall Target,3,#034e7b,18.81863014,
,2017-11-11,Overall Target,3,#034e7b,18.99616438,
,2017-11-12,Overall Target,3,#034e7b,19.17369863,
,2017-11-13,Overall Target,3,#034e7b,19.35123288,
,2017-11-14,Overall Target,3,#034e7b,19.52876712,
,2017-11-15,Overall Target,3,#034e7b,19.70630137,
,2017-11-16,Overall Target,3,#034e7b,19.88383562,
,2017-11-17,Overall Target,3,#034e7b,20.06136986,
,2017-11-18,Overall Target,3,#034e7b,20.23890411,
,2017-11-19,Overall Target,3,#034e7b,20.41643836,
,2017-11-20,Overall Target,3,#034e7b,20.5939726,
,2017-11-21,Overall Target,3,#034e7b,20.77150685,
,2017-11-22,Overall Target,3,#034e7b,20.9490411,
,2017-11-23,Overall Target,3,#034e7b,21.12657534,
,2017-11-24,Overall Target,3,#034e7b,21.30410959,
,2017-11-25,Overall Target,3,#034e7b,21.48164384,
,2017-11-26,Overall Target,3,#034e7b,21.65917808,
,2017-11-27,Overall Target,3,#034e7b,21.83671233,
,2017-11-28,Overall Target,3,#034e7b,22.01424658,
,2017-11-29,Overall Target,3,#034e7b,22.19178082,
,2017-11-30,Overall Target,3,#034e7b,22.36931507,
,2017-12-01,Overall Target,3,#034e7b,22.54684932,
,2017-12-02,Overall Target,3,#034e7b,22.72438356,
,2017-12-03,Overall Target,3,#034e7b,22.90191781,
,2017-12-04,Overall Target,3,#034e7b,23.07945205,
,2017-12-05,Overall Target,3,#034e7b,23.2569863,
,2017-12-06,Overall Target,3,#034e7b,23.43452055,
,2017-12-07,Overall Target,3,#034e7b,23.61205479,
,2017-12-08,Overall Target,3,#034e7b,23.78958904,
,2017-12-09,Overall Target,3,#034e7b,23.96712329,
,2017-12-10,Overall Target,3,#034e7b,24.14465753,
,2017-12-11,Overall Target,3,#034e7b,24.32219179,
,2017-12-12,Overall Target,3,#034e7b,24.49972603,
,2017-12-13,Overall Target,3,#034e7b,24.67726027,
,2017-12-14,Overall Target,3,#034e7b,24.85479451,
,2017-12-15,Overall Target,3,#034e7b,25.03232878,
,2017-12-16,Overall Target,3,#034e7b,25.20986302,
,2017-12-17,Overall Target,3,#034e7b,25.38739726,
,2017-12-18,Overall Target,3,#034e7b,25.56493152,
,2017-12-19,Overall Target,3,#034e7b,25.74246576,
,2017-12-20,Overall Target,3,#034e7b,25.92,
,2017-12-21,Overall Target,3,#034e7b,26.09753424,
,2017-12-22,Overall Target,3,#034e7b,26.2750685,
,2017-12-23,Overall Target,3,#034e7b,26.45260274,
,2017-12-24,Overall Target,3,#034e7b,26.63013698,
,2017-12-25,Overall Target,3,#034e7b,26.80767122,
,2017-12-26,Overall Target,3,#034e7b,26.98520549,
,2017-12-27,Overall Target,3,#034e7b,27.16273973,
,2017-12-28,Overall Target,3,#034e7b,27.34027397,
,2017-12-29,Overall Target,3,#034e7b,27.51780823,
,2017-12-30,Overall Target,3,#034e7b,27.69534247,
,2017-12-31,Overall Target,3,#034e7b,27.87287671,
,2018-01-01,Overall Target,3,#034e7b,28.05041095,
,2018-01-02,Overall Target,3,#034e7b,28.22794522,
,2018-01-03,Overall Target,3,#034e7b,28.40547946,
,2018-01-04,Overall Target,3,#034e7b,28.5830137,
,2018-01-05,Overall Target,3,#034e7b,28.76054794,
,2018-01-06,Overall Target,3,#034e7b,28.9380822,
,2018-01-07,Overall Target,3,#034e7b,29.11561644,
,2018-01-08,Overall Target,3,#034e7b,29.29315068,
,2018-01-09,Overall Target,3,#034e7b,29.47068494,
,2018-01-10,Overall Target,3,#034e7b,29.64821918,
,2018-01-11,Overall Target,3,#034e7b,29.82575342,
,2018-01-12,Overall Target,3,#034e7b,30.00328766,
,2018-01-13,Overall Target,3,#034e7b,30.18082193,
,2018-01-14,Overall Target,3,#034e7b,30.35835617,
,2018-01-15,Overall Target,3,#034e7b,30.53589041,
,2018-01-16,Overall Target,3,#034e7b,30.71342465,
,2018-01-17,Overall Target,3,#034e7b,30.89095891,
,2018-01-18,Overall Target,3,#034e7b,31.06849315,
,2018-01-19,Overall Target,3,#034e7b,31.24602739,
,2018-01-20,Overall Target,3,#034e7b,31.42356166,
,2018-01-21,Overall Target,3,#034e7b,31.6010959,
,2018-01-22,Overall Target,3,#034e7b,31.77863014,
,2018-01-23,Overall Target,3,#034e7b,31.95616438,
,2018-01-24,Overall Target,3,#034e7b,32.13369864,
,2018-01-25,Overall Target,3,#034e7b,32.31123288,
,2018-01-26,Overall Target,3,#034e7b,32.48876712,
,2018-01-27,Overall Target,3,#034e7b,32.66630136,
,2018-01-28,Overall Target,3,#034e7b,32.84383562,
,2018-01-29,Overall Target,3,#034e7b,33.02136986,
,2018-01-30,Overall Target,3,#034e7b,33.1989041,
,2018-01-31,Overall Target,3,#034e7b,33.37643837,
,2018-02-01,Overall Target,3,#034e7b,33.55397261,
,2018-02-02,Overall Target,3,#034e7b,33.73150685,
,2018-02-03,Overall Target,3,#034e7b,33.90904109,
,2018-02-04,Overall Target,3,#034e7b,34.08657535,
,2018-02-05,Overall Target,3,#034e7b,34.26410959,
,2018-02-06,Overall Target,3,#034e7b,34.44164383,
,2018-02-07,Overall Target,3,#034e7b,34.61917807,
,2018-02-08,Overall Target,3,#034e7b,34.79671234,
,2018-02-09,Overall Target,3,#034e7b,34.97424658,
,2018-02-10,Overall Target,3,#034e7b,35.15178082,
,2018-02-11,Overall Target,3,#034e7b,35.32931508,
,2018-02-12,Overall Target,3,#034e7b,35.50684932,
,2018-02-13,Overall Target,3,#034e7b,35.68438356,
